,title,url,year,duration,rating,genres,media_type,score_avg,vote_count,language,popularity,keywords
0,Farscape,https://tubitv.com/series/300009559/farscape?start=true,1999,,TV-14,"['Sci-Fi', 'Action', 'Adventure', 'Drama']",series,7.877,590.0,en,25.9088,"['astronaut', 'alien', 'space', 'experimental', 'galaxies']"
1,The Betrayal 2: Revenge,https://tubitv.com/movies/689161/the-betrayal-2-revenge?start=true,2022,2 hr 14 min,TV-MA,"['Action', 'Crime', 'Drama']",movies,0.0,0.0,en,0.0286,"['careful', 'fall', 'love', 'burned', 'money']"
2,Meet the Snows,https://tubitv.com/movies/698767/meet-the-snows?start=true,2022,1 hr 46 min,TV-MA,"['Action', 'Drama']",movies,,,,,"['', '', '', '', '']"
3,Til My Casket Drops,https://tubitv.com/movies/699113/til-my-casket-drops?start=true,2022,1 hr 40 min,TV-MA,"['Crime', 'Action', 'Drama']",movies,0.0,0.0,en,1.5155,"['murder', 'monster', 'gun', 'mayhem', 'lives']"
4,McGraw Avenue,https://tubitv.com/series/4893/mcgraw-avenue?start=true,2020,,TV-14,"['Drama', 'Action']",series,,,,,"['', '', '', '', '']"
5,La Ley Del Monte,https://tubitv.com/movies/639274/la-ley-del-monte?start=true,1976,1 hr 56 min,PG-13,"['Action', 'Drama', 'Romance', 'Foreign/International']",movies,7.6,68.0,es,0.7575,"['reunite', 'reigniting', 'romance', 'amidst', 'later']"
6,El Pequeño Soldado (Doblado),https://tubitv.com/movies/702666/el-peque-o-soldado-doblado?start=true,2019,1 hr 26 min,TV-14,"['Drama', 'Action', 'War', 'Foreign/International']",movies,,,,,"['', '', '', '', '']"
7,Emboscada,https://tubitv.com/movies/702542/emboscada?start=true,1990,1 hr 39 min,TV-PG,"['Action', 'Foreign/International']",movies,5.3,3.0,es,0.3858,"['suspect', 'expose', 'truths', 'trap', 'men']"
8,El Pistolero,https://tubitv.com/movies/463206/el-pistolero?start=true,2012,1 hr 38 min,R,"['Action', 'Crime', 'Foreign/International']",movies,6.5,4.0,es,0.1256,"['recover', 'boy', 'disappeared', 'barclay', 'later']"
9,Disturbing the Peace,https://tubitv.com/movies/677158/disturbing-the-peace?start=true,2020,1 hr 30 min,R,"['Action', 'Thriller', 'Western']",movies,4.6,133.0,en,1.1908,"['outlaw', 'gun', 'shooting', 'gang', 'violent']"
10,A Verry Merry Hood Christmas,https://tubitv.com/movies/705092/a-verry-merry-hood-christmas?start=true,2022,1 hr 30 min,TV-MA,"['Comedy', 'Drama', 'Holiday']",movies,7.0,1.0,en,0.0526,"['festivities', 'celebrates', 'crazy', 'christmas', 'twists']"
11,Son of Bigfoot,https://tubitv.com/movies/611638/son-of-bigfoot?start=true,2018,1 hr 31 min,PG,"['Kids & Family', 'Animation', 'Adventure', 'Comedy']",movies,6.572,512.0,en,2.3522,"['discovers', 'bigfoot', 'boy', 'adam', 'father']"
12,Chandler Christmas Getaway,https://tubitv.com/movies/673786/chandler-christmas-getaway?start=true,2018,1 hr 28 min,TV-PG,"['Comedy', 'Holiday', 'Romance']",movies,4.5,4.0,en,0.2914,"['holiday', 'chandler', 'chandlers', 'christmas', 'feuds']"
13,Grow House,https://tubitv.com/movies/557671/grow-house?start=true,2017,1 hr 27 min,R,['Comedy'],movies,6.3,11.0,en,1.7374,"['debt', 'risky', 'pay', 'start', 'business']"
14,Luis and the Aliens,https://tubitv.com/movies/611824/luis-and-the-aliens?start=true,2018,1 hr 25 min,PG,"['Comedy', 'Animation', 'Sci-Fi', 'Kids & Family']",movies,6.508,187.0,de,2.3297,"['luis', 'adventure', 'exciting', 'finding', 'ufo']"
15,El Hijo Del Pueblo,https://tubitv.com/movies/639245/el-hijo-del-pueblo?start=true,1974,1 hr 31 min,TV-14,"['Comedy', 'Foreign/International']",movies,5.7,7.0,es,4.0887,"['cabdriver', 'decides', 'goes', 'stranded', 'city']"
16,"El Diablo, El Santo Y El Tonto",https://tubitv.com/movies/636625/el-diablo-el-santo-y-el-tonto?start=true,1985,1 hr 34 min,TV-14,"['Comedy', 'Foreign/International']",movies,7.6,40.0,es,1.6979,"['rogelio', 'son', 'confesses', 'sons', 'deathbed']"
17,"Tonta Tonta, Pero No Tanto",https://tubitv.com/movies/641421/tonta-tonta-pero-no-tanto?start=true,1972,1 hr 30 min,PG,"['Comedy', 'Foreign/International']",movies,8.1,35.0,es,0.7273,"['', '', '', '', '']"
18,Bellas De Noche,https://tubitv.com/movies/702670/bellas-de-noche?start=true,1975,1 hr 39 min,TV-MA,"['Comedy', 'Drama', 'Romance', 'Foreign/International']",movies,5.1,17.0,es,0.5089,"['margarito', 'bronco', 'fichera', 'carmen', 'pesos']"
19,Merry Wishmas,https://tubitv.com/movies/608935/merry-wishmas?start=true,2018,1 hr 22 min,TV-PG,"['Comedy', 'Drama', 'Romance', 'Holiday']",movies,5.3,3.0,en,1.1629,"['love', 'wellness', 'spirit', 'reunites', 'faith']"
20,Ash and Bone,https://tubitv.com/movies/697256/ash-and-bone?start=true,2022,1 hr 37 min,TV-MA,"['Thriller', 'Horror']",movies,3.5,12.0,en,1.2384,"['cassie', 'decides', 'teen', 'rebellious', 'follows']"
21,Bed Rest,https://tubitv.com/movies/698742/bed-rest?start=true,2022,1 hr 30 min,R,"['Horror', 'Thriller']",movies,6.2,262.0,en,1.1604,"['begins', 'pregnant', 'happenings', 'husband', 'home']"
22,Krampus: The Return,https://tubitv.com/movies/690113/krampus-the-return?start=true,2022,1 hr 19 min,TV-MA,['Horror'],movies,6.5,35.0,en,0.4576,"['shocked', 'mysteriously', 'killer', 'answers', 'brother']"
23,Tiffany the Doll,https://tubitv.com/movies/700174/tiffany-the-doll?start=true,2020,1 hr 13 min,TV-MA,['Horror'],movies,0.0,0.0,en,0.0362,"['doll', 'tiffany', 'jealous', 'sharee', 'relationship']"
24,All Hallows Eve,https://tubitv.com/movies/391450/all-hallows-eve?start=true,2012,1 hr 22 min,TV-MA,"['Horror', 'Holiday']",movies,,,,,"['', '', '', '', '']"
25,The Thaw,https://tubitv.com/movies/691345/the-thaw?start=true,2009,1 hr 34 min,R,"['Horror', 'Sci-Fi', 'Thriller']",movies,5.682,346.0,en,3.1101,"['warming', 'arctic', 'ice', 'frozen', 'prehistoric']"
26,Serpiente (Doblado),https://tubitv.com/movies/676949/serpiente-doblado?start=true,2018,1 hr 19 min,TV-MA,"['Adventure', 'Fantasy', 'Horror', 'Foreign/International']",movies,,,,,"['', '', '', '', '']"
27,Exorcismo Documentado,https://tubitv.com/movies/660977/exorcismo-documentado?start=true,2012,1 hr 57 min,TV-MA,"['Horror', 'Foreign/International']",movies,7.3,78.0,es,0.4289,"['evil', 'horrible', 'tries', 'wrong', 'possessed']"
28,La Maldición De La Sirena (Doblado),https://tubitv.com/movies/691393/la-maldici-n-de-la-sirena-doblado?start=true,2019,1 hr 29 min,TV-MA,['Horror'],movies,,,,,"['', '', '', '', '']"
29,El Miedo No Anda en Burro,https://tubitv.com/movies/641665/el-miedo-no-anda-en-burro?start=true,1976,1 hr 26 min,PG,"['Comedy', 'Horror', 'Foreign/International']",movies,,,,,"['', '', '', '', '']"
30,A Christmas Carol,https://tubitv.com/movies/609208/a-christmas-carol?start=true,1984,1 hr 41 min,PG,"['Kids & Family', 'Drama', 'Fantasy']",movies,7.467,412.0,en,6.5129,"['fate', 'redemption', 'existence', 'bitterness', 'miserable']"
31,The Christmas Project,https://tubitv.com/movies/671700/the-christmas-project?start=true,2016,1 hr 32 min,TV-PG,"['Comedy', 'Holiday', 'Kids & Family']",movies,4.9,16.0,en,1.2723,"['brotherly', 'hagbarts', 'christmas', 'brothers', 'boys']"
32,Jack Frost,https://tubitv.com/movies/545176/jack-frost?start=true,1979,48 min,TV-G,"['Animation', 'Fantasy', 'Kids & Family', 'Musicals']",movies,6.5,99.0,en,6.9733,"['groundhog', 'human', 'story', 'love', 'father']"
33,Christmas Cartoon Extravaganza,https://tubitv.com/movies/571807/christmas-cartoon-extravaganza?start=true,2018,1 hr 7 min,TV-G,"['Kids & Family', 'Holiday', 'Animation']",movies,,,,,"['', '', '', '', '']"
34,A Collection of Christmas Classics,https://tubitv.com/movies/590795/a-collection-of-christmas-classics?start=true,1970,3 hr 24 min,TV-G,"['Animation', 'Holiday', 'Kids & Family']",movies,,,,,"['', '', '', '', '']"
35,The Christmas Colt,https://tubitv.com/movies/701477/the-christmas-colt?start=true,2013,1 hr 25 min,TV-G,"['Kids & Family', 'Drama', 'Holiday']",movies,5.2,5.0,en,0.3037,"['kids', 'family', 'stranded', 'rescue', 'christmas']"
36,The Wizard’s Christmas,https://tubitv.com/movies/341559/the-wizard-s-christmas?start=true,2016,1 hr 24 min,TV-PG,"['Kids & Family', 'Animation', 'Fantasy', 'Holiday']",movies,5.0,2.0,en,0.1,"['christmas', 'wizard', 'begun', 'excitement', 'new']"
37,The Christmas Dragon,https://tubitv.com/movies/638334/the-christmas-dragon?start=true,2014,1 hr 45 min,TV-G,"['Adventure', 'Kids & Family', 'Holiday']",movies,5.955,44.0,en,1.5557,"['elf', 'fulfil', 'christmas', 'fading', 'spirit']"
38,Bilal: A New Breed of Hero,https://tubitv.com/movies/666560/bilal-a-new-breed-of-hero?start=true,2016,1 hr 49 min,PG-13,"['Animation', 'Adventure', 'Kids & Family']",movies,6.9,160.0,en,7.8563,"['story', 'courage', 'hero', 'dream', 'injustice']"
39,A Christmas Tree Miracle,https://tubitv.com/movies/681496/a-christmas-tree-miracle?start=true,2013,1 hr 42 min,TV-G,"['Holiday', 'Kids & Family']",movies,5.4,20.0,en,2.184,"['christmas', 'miracles', 'ones', 'happen', 'reminded']"
40,Boxed In,https://tubitv.com/movies/700643/boxed-in?start=true,2022,1 hr 35 min,TV-14,"['Drama', 'Romance', 'Sport']",movies,7.5,4.0,en,0.4206,"['boxer', 'tuga', 'alive', 'love', 'meets']"
41,Adam + Eve,https://tubitv.com/movies/697049/adam-eve?start=true,2022,2 hr 2 min,TV-MA,"['Thriller', 'Drama', 'Romance']",movies,1.0,1.0,en,0.2679,"['happily', 'chances', 'worlds', 'pasts', 'love']"
42,Por Tu Maldito Amor,https://tubitv.com/movies/702538/por-tu-maldito-amor?start=true,1990,1 hr 36 min,TV-14,"['Drama', 'Romance', 'Foreign/International']",movies,7.3,18.0,es,5.7267,"['impetuous', 'decide', 'mature', 'sisters', 'confident']"
43,Plug Love,https://tubitv.com/movies/561890/plug-love?start=true,2017,1 hr 54 min,TV-MA,"['Drama', 'Crime', 'Romance']",movies,7.636,11.0,en,0.2682,"['love', 'relationship', 'realize', 'true', 'cheated']"
44,Las Oscuras Primaveras,https://tubitv.com/movies/660975/las-oscuras-primaveras?start=true,2014,1 hr 41 min,TV-MA,"['Drama', 'Romance', 'Adult']",movies,6.894,94.0,es,1.9963,"['love', 'desire', 'decides', 'filling', 'sex']"
45,Dirty Work,https://tubitv.com/movies/650036/dirty-work?start=true,2018,1 hr 45 min,TV-MA,"['Thriller', 'Drama', 'Romance']",movies,7.1,11.0,es,0.9006,"['unfair', 'revenge', 'wealthy', 'treated', 'employees']"
46,Christmas at the Holly Hotel,https://tubitv.com/movies/702761/christmas-at-the-holly-hotel?start=true,2022,1 hr 24 min,TV-PG,"['Comedy', 'Holiday', 'Romance']",movies,5.438,8.0,en,0.9405,"['kathy', 'officer', 'meets', 'police', 'follows']"
47,Dead Sexy,https://tubitv.com/movies/575421/dead-sexy?start=true,2018,1 hr 23 min,TV-MA,['Comedy'],movies,5.096,26.0,en,1.0448,"['paranormal', 'cassie', 'girls', 'encounter', 'amber']"
48,Jeff Dunham: Controlled Chaos,https://tubitv.com/movies/489900/jeff-dunham-controlled-chaos?start=true,2011,1 hr 37 min,TV-MA,['Comedy'],movies,6.602,49.0,en,0.2417,"['dunham', 'jeff', 'spicy', 'jalapeño', 'unleash']"
49,The Sand,https://tubitv.com/movies/439689/the-sand?start=true,2014,1 hr 25 min,TV-14,['Horror'],movies,5.0,3.0,en,0.1048,"['tumultuous', 'fi', 'smuggler', 'sci', 'film']"
50,Fist of Fury,https://tubitv.com/movies/497642/fist-of-fury?start=true,1972,1 hr 46 min,R,"['Action', 'Drama']",movies,7.219,1048.0,zh,10.2622,"['japanese', 'martial', 'fighting', 'dojo', 'occupation']"
51,Thor: End of Days,https://tubitv.com/movies/561256/thor-end-of-days?start=true,2020,1 hr 31 min,TV-MA,"['Action', 'Fantasy']",movies,3.6,11.0,en,0.2363,"['thor', 'loki', 'asgard', 'god', 'stop']"
52,Slippin’: 10 Years With the Bloods,https://tubitv.com/movies/571194/slippin-10-years-with-the-bloods?start=true,2005,1 hr 23 min,TV-MA,['Documentary'],movies,,,,,"['', '', '', '', '']"
53,Story of Yanxi Palace,https://tubitv.com/series/300005119/story-of-yanxi-palace?start=true,2018,,TV-14,"['Drama', 'Foreign/International']",series,8.4,32.0,zh,11.2114,"['fucha', 'fuheng', 'yingluo', 'sister', 'hearted']"
54,Not Cinderella's Type,https://tubitv.com/movies/528422/not-cinderella-s-type?start=true,2018,1 hr 37 min,TV-G,"['Drama', 'Romance']",movies,6.7,104.0,en,0.9971,"['aunt', 'indy', 'uncle', 'stubborn', 'jenni']"
55,I Am Still Here,https://tubitv.com/movies/574669/i-am-still-here?start=true,2017,1 hr 43 min,TV-MA,['Drama'],movies,5.3,10.0,en,0.4265,"['abduction', 'trafficking', 'deception', 'kindness', 'hidden']"
56,No Better Love,https://tubitv.com/movies/696858/no-better-love?start=true,2022,1 hr 33 min,TV-MA,"['Crime', 'Thriller', 'Drama']",movies,0.0,0.0,en,0.6894,"['crossroads', 'hustler', 'turns', 'finds', 'deadly']"
57,Faithful,https://tubitv.com/movies/685573/faithful?start=true,2022,1 hr 37 min,TV-MA,"['Drama', 'Thriller']",movies,1.0,2.0,en,3.2861,"['loves', 'man', 'person', 'family', 'world']"
58,The Perfect Wife 2,https://tubitv.com/movies/692700/the-perfect-wife-2?start=true,2022,1 hr 29 min,TV-MA,['Thriller'],movies,7.0,2.0,en,0.1683,"['erica', 'instantly', 'quickly', 'soon', 'widowed']"
59,Poison Candy,https://tubitv.com/movies/700177/poison-candy?start=true,2022,1 hr 49 min,TV-MA,"['Drama', 'Thriller']",movies,10.0,1.0,en,0.1634,"['happens', 'turns', 'promises', 'scammer', 'swearing']"
60,Unfair Exchange,https://tubitv.com/movies/700344/unfair-exchange?start=true,2022,1 hr 35 min,TV-MA,"['Thriller', 'Crime', 'Drama']",movies,7.0,1.0,en,9.1241,"['author', 'unthinkable', 'book', 'publishing', 'marriage']"
61,When Love Kills: The Falicia Blakely Story,https://tubitv.com/movies/609342/when-love-kills-the-falicia-blakely-story?start=true,2017,1 hr 23 min,TV-14,"['Drama', 'Thriller']",movies,8.1,13.0,en,4.7593,"['falicia', 'innocent', 'turns', 'life', 'lives']"
62,Price of Love,https://tubitv.com/movies/567359/price-of-love?start=true,2020,1 hr 48 min,TV-MA,"['Drama', 'Crime', 'Thriller']",movies,0.0,0.0,en,0.5119,"['chooses', 'decision', 'faced', 'life', 'facing']"
63,Trust Nobody,https://tubitv.com/movies/657981/trust-nobody?start=true,2021,1 hr 48 min,R,"['Drama', 'Crime', 'Thriller']",movies,9.0,2.0,en,5.3318,"['unthinkable', 'greed', 'hustler', 'destroy', 'cause']"
64,The Keeper,https://tubitv.com/movies/672343/the-keeper?start=true,2009,1 hr 34 min,R,"['Action', 'Crime']",movies,5.052,116.0,en,4.1868,"['businessman', 'bodyguard', 'wealthy', 'kidnap', 'greedy']"
65,Archons,https://tubitv.com/movies/687658/archons?start=true,2018,1 hr 28 min,TV-MA,"['Horror', 'Sci-Fi', 'Thriller']",movies,5.3,18.0,en,1.0401,"['rock', 'guitar', '70s', 'decade', 'psychedelic']"
66,When Darkness Falls,https://tubitv.com/movies/685577/when-darkness-falls?start=true,2022,1 hr 45 min,TV-MA,"['Mystery', 'Thriller']",movies,5.4,5.0,en,0.18,"['disappearance', 'highlands', 'missing', 'andrea', 'countryside']"
67,Arctic Void,https://tubitv.com/movies/682349/arctic-void?start=true,2022,1 hr 25 min,TV-MA,"['Drama', 'Mystery', 'Thriller']",movies,5.1,72.0,en,4.9511,"['vanishes', 'mysteriously', 'emerges', 'remain', 'deteriorate']"
68,Crazy on the Outside,https://tubitv.com/movies/615162/crazy-on-the-outside?start=true,2010,1 hr 36 min,PG-13,['Comedy'],movies,5.2,143.0,en,1.6627,"['prison', 'crime', 'caught', 'paroled', 'wacky']"
69,A Dangerous Man,https://tubitv.com/movies/585469/a-dangerous-man?start=true,2009,1 hr 34 min,TV-14,"['Action', 'Thriller']",movies,4.983,116.0,en,4.18,"['jail', 'crime', 'mafia', 'kidnapped', 'cop']"
70,Big Kill,https://tubitv.com/movies/617608/big-kill?start=true,2019,2 hr 6 min,R,"['Western', 'Action']",movies,5.9,28.0,en,1.7364,"['destiny', 'boom', 'gamblers', 'kill', 'deadly']"
71,Crimes of Passion,https://tubitv.com/series/300005405/crimes-of-passion?start=true,2006,,TV-14,"['Crime', 'Documentary']",series,0.0,0.0,en,0.2979,"['killers', 'murder', 'passion', 'rage', 'unthinkable']"
72,Beowulf: Return to the Shieldlands,https://tubitv.com/series/4753/beowulf-return-to-the-shieldlands?start=true,2016,,TV-14,"['Drama', 'Fantasy', 'Adventure']",series,5.381,67.0,en,4.6895,"['hrothgar', 'grendel', 'geats', 'beowulf', 'heorot']"
73,Above Top Secret: The Technology Behind Disclosure,https://tubitv.com/movies/660494/above-top-secret-the-technology-behind-disclosure?start=true,2022,2 hr 0 min,TV-MA,['Documentary'],movies,6.8,4.0,en,0.4555,"['ufo', 'phenomenon', 'secret', 'hidden', 'disclosure']"
74,Offside,https://tubitv.com/movies/554108/offside?start=true,2019,1 hr 45 min,PG,"['Documentary', 'Sport', 'Foreign/International']",movies,4.0,1.0,en,0.0143,"['team', 'ahead', 'pushing', 'season', 'football']"
75,Above Majestic,https://tubitv.com/movies/608954/above-majestic?start=true,2018,2 hr 13 min,TV-14,['Documentary'],movies,7.455,112.0,en,0.7453,"['extraterrestrial', 'conspiracies', 'origins', 'figureheads', 'corporate']"
76,A Flash of Beauty: Bigfoot Revealed,https://tubitv.com/movies/678213/a-flash-of-beauty-bigfoot-revealed?start=true,2021,1 hr 34 min,TV-PG,['Documentary'],movies,,,,,"['', '', '', '', '']"
77,Bob Lazar: Area 51 & Flying Saucers,https://tubitv.com/movies/610453/bob-lazar-area-51-flying-saucers?start=true,2018,1 hr 37 min,TV-14,"['Documentary', 'Independent']",movies,6.224,143.0,en,0.5533,"['revealed', 'controversial', 'lazar', 'told', 'famous']"
78,The Phenomenon,https://tubitv.com/movies/632920/the-phenomenon?start=true,2020,1 hr 40 min,TV-14,['Documentary'],movies,6.333,81.0,en,4.4014,"['nasa', 'documentary', 'astronauts', 'testimony', 'credible']"
79,Missing 411,https://tubitv.com/movies/581931/missing-411?start=true,2017,1 hr 37 min,TV-PG,['Documentary'],movies,5.8,40.0,en,0.2358,"['disappearances', 'forests', 'parks', 'paulides', 'decades']"
80,Ancient Secrets: Illuminati the New Atlantis,https://tubitv.com/movies/671575/ancient-secrets-illuminati-the-new-atlantis?start=true,2006,2 hr 36 min,TV-14,['Documentary'],movies,,,,,"['', '', '', '', '']"
81,Stevie Nicks: Through the Looking Glass,https://tubitv.com/movies/672105/stevie-nicks-through-the-looking-glass?start=true,2013,2 hr 1 min,TV-14,"['Documentary', 'Music']",movies,7.0,2.0,en,0.3254,"['songs', 'documentary', 'stevie', 'footage', 'joyful']"
82,The House on Sweet and Seventh,https://tubitv.com/movies/692509/the-house-on-sweet-and-seventh?start=true,2020,58 min,TV-MA,"['Documentary', 'Crime']",movies,0.0,0.0,en,0.0407,"['erickstad', 'killed', 'dakota', 'murders', 'old']"
83,Snow,https://tubitv.com/movies/568622/snow?start=true,2004,1 hr 28 min,TV-PG,"['Kids & Family', 'Comedy', 'Fantasy']",movies,7.071,28.0,en,1.4517,"['nick', 'snowden', 'reindeer', 'taken', 'stolen']"
84,Tammy and the T-Rex,https://tubitv.com/movies/700459/tammy-and-the-t-rex?start=true,1994,1 hr 30 min,PG-13,"['Comedy', 'Sci-Fi']",movies,5.074,175.0,en,5.2471,"['tyrannosaurus', 'animatronic', 'evil', 'vengeance', 'killed']"
85,Unlikely Angel,https://tubitv.com/movies/445129/unlikely-angel?start=true,1996,1 hr 31 min,G,"['Comedy', 'Music', 'Fantasy', 'Holiday']",movies,5.9,17.0,en,5.1765,"['singer', 'heaven', 'earth', 'dies', 'deed']"
86,I Think We're Alone Now,https://tubitv.com/movies/702003/i-think-we-re-alone-now?start=true,2018,1 hr 39 min,R,"['Drama', 'Sci-Fi', 'Independent']",movies,5.782,433.0,en,2.2493,"['solitude', 'utopia', 'interloper', 'catastrophe', 'humanity']"
87,Highway to Heaven,https://tubitv.com/series/300006947/highway-to-heaven?start=true,1984,,TV-PG,['Drama'],series,7.385,192.0,en,17.614,"['cop', 'probationary', 'angel', 'earth', 'sent']"
88,Macho,https://tubitv.com/movies/660974/macho?start=true,2016,1 hr 41 min,TV-14,"['Comedy', 'Foreign/International', 'LGBT', 'Romance']",movies,5.874,95.0,es,0.5883,"['fashion', 'models', 'designer', 'female', 'pretends']"
89,The Guest House,https://tubitv.com/movies/535453/the-guest-house?start=true,2011,1 hr 22 min,TV-MA,"['Romance', 'LGBT']",movies,,,,,"['', '', '', '', '']"
90,Behind Closed Doors,https://tubitv.com/movies/655787/behind-closed-doors?start=true,2021,1 hr 29 min,TV-MA,"['Drama', 'LGBT']",movies,8.0,1.0,en,0.0487,"['25th', 'venue', '2021', 'celebrations', 'hall']"
91,The Exchange,https://tubitv.com/movies/693653/the-exchange?start=true,2021,1 hr 48 min,TV-MA,"['Drama', 'Romance', 'LGBT']",movies,3.6,5.0,en,1.3754,"['sabina', 'relationship', 'esther', 'exchange', 'breaking']"
92,Elena Undone,https://tubitv.com/movies/620720/elena-undone?start=true,2010,1 hr 51 min,TV-MA,"['Drama', 'Romance', 'LGBT']",movies,6.884,177.0,en,1.9622,"['pastor', 'homosexuality', 'affair', 'preaches', 'wife']"
93,Akron,https://tubitv.com/movies/527835/akron?start=true,2017,1 hr 27 min,TV-MA,"['Drama', 'LGBT', 'Romance']",movies,7.2,171.0,en,0.6935,"['freshman', 'ohio', 'friends', 'college', 'university']"
94,Coming Home for Christmas,https://tubitv.com/movies/692738/coming-home-for-christmas?start=true,2022,1 hr 40 min,TV-MA,"['Drama', 'Holiday', 'LGBT']",movies,0.0,0.0,en,0.1416,"['christmas', 'holiday', 'holidays', 'family', 'families']"
95,Coming Out,https://tubitv.com/series/300009179/coming-out?start=true,2022,,TV-MA,"['Drama', 'LGBT']",series,0.0,0.0,en,0.7113,"['sexuality', 'wondering', 'erotic', 'realize', 'friend']"
96,2 in the Bush: A Love Story,https://tubitv.com/movies/535668/2-in-the-bush-a-love-story?start=true,2018,1 hr 37 min,TV-MA,"['Comedy', 'LGBT', 'Romance']",movies,4.5,15.0,en,2.5252,"['girlfriend', 'boyfriend', 'emily', 'love', 'dumped']"
97,Loving Annabelle,https://tubitv.com/movies/549596/loving-annabelle?start=true,2007,1 hr 16 min,TV-14,"['Drama', 'Romance', 'LGBT']",movies,6.6,299.0,en,1.7663,"['annabelle', 'girls', 'expelled', 'woman', 'simone']"
98,Prince Harry: A New Kind of Royal,https://tubitv.com/movies/671280/prince-harry-a-new-kind-of-royal?start=true,2021,50 min,TV-PG,['Documentary'],movies,,,,,"['', '', '', '', '']"
99,Harry & Meghan: The Revelations,https://tubitv.com/movies/671301/harry-meghan-the-revelations?start=true,2021,55 min,TV-PG,['Documentary'],movies,5.2,3.0,en,0.893,"['interview', 'allegations', 'recent', 'happen', 'potentially']"
100,Secrets of Diana's Last Royal Christmas: 1991,https://tubitv.com/movies/660451/secrets-of-diana-s-last-royal-christmas-1991?start=true,2021,59 min,TV-PG,"['Documentary', 'Drama']",movies,0.0,0.0,en,0.0814,"['christmas', 'festive', 'family', 'season', 'unfortunate']"
101,The Rapture: The Beginning of the End,https://tubitv.com/movies/527786/the-rapture-the-beginning-of-the-end?start=true,2015,44 min,PG,['Documentary'],movies,,,,,"['', '', '', '', '']"
102,100 Seconds to Midnight: Doomsday Clock,https://tubitv.com/movies/684229/100-seconds-to-midnight-doomsday-clock?start=true,2022,1 hr 0 min,TV-PG,['Documentary'],movies,,,,,"['', '', '', '', '']"
103,Doomsday Clock,https://tubitv.com/movies/601443/doomsday-clock?start=true,2017,1 hr 6 min,TV-PG,"['Thriller', 'Action']",movies,,,,,"['', '', '', '', '']"
104,Petey Wheatstraw,https://tubitv.com/movies/496332/petey-wheatstraw?start=true,1977,1 hr 39 min,R,"['Comedy', 'Fantasy', 'Horror']",movies,5.5,42.0,en,5.483,"['petey', 'evil', 'comedy', 'devil', 'satan']"
105,Warlock,https://tubitv.com/movies/480403/warlock?start=true,1959,2 hr 1 min,PG,['Western'],movies,6.726,164.0,en,1.7458,"['town', 'sheriff', 'reign', 'establishment', 'marshal']"
106,Gang of Roses II: Next Generation,https://tubitv.com/movies/274152/gang-of-roses-ii-next-generation?start=true,2013,1 hr 32 min,PG,"['Western', 'Action', 'Drama']",movies,,,,,"['', '', '', '', '']"
107,Juan Colorado,https://tubitv.com/movies/463201/juan-colorado?start=true,1966,1 hr 27 min,TV-14,"['Western', 'Action', 'Crime', 'Foreign/International']",movies,7.6,15.0,es,0.4235,"['silvia', 'juan', 'rafael', 'marry', 'wants']"
108,Ahí Viene Martín Corona,https://tubitv.com/movies/463196/ah-viene-mart-n-corona?start=true,1952,1 hr 33 min,G,"['Comedy', 'Drama', 'Foreign/International', 'Western']",movies,7.058,26.0,es,2.1672,"['bad', 'villainous', 'poor', 'guy', 'needy']"
109,Kenny Rogers as The Gambler,https://tubitv.com/movies/272773/kenny-rogers-as-the-gambler?start=true,1980,1 hr 35 min,TV-PG,"['Western', 'Drama']",movies,5.7,23.0,en,5.8196,"['arrogant', 'adventure', 'young', 'shady', 'song']"
110,A Man Called Horse,https://tubitv.com/movies/499215/a-man-called-horse?start=true,1970,1 hr 55 min,R,"['Western', 'Adventure', 'Drama']",movies,6.432,222.0,en,1.3293,"['tribesmen', 'tribe', 'indians', 'survival', 'eventually']"
111,Chino,https://tubitv.com/movies/499285/chino?start=true,1973,1 hr 36 min,PG,"['Western', 'Drama', 'Action', 'Adventure']",movies,6.9,234.0,fr,2.1365,"['mao', 'maoistic', 'terrorism', 'studying', 'group']"
112,The Legend of 5 Mile Cave,https://tubitv.com/movies/522195/the-legend-of-5-mile-cave?start=true,2019,1 hr 30 min,TV-14,['Western'],movies,5.6,13.0,en,6.9984,"['collide', 'tales', 'drifter', 'mysterious', 'lost']"
113,Stagecoach,https://tubitv.com/movies/499716/stagecoach?start=true,1939,1 hr 35 min,TV-PG,"['Western', 'Action']",movies,7.614,1211.0,en,7.91,"['journey', 'geronimo', 'stagecoach', 'traveling', 'group']"
114,Boot Hill,https://tubitv.com/movies/11965/boot-hill?start=true,1969,1 hr 24 min,PG,"['Foreign/International', 'Western', 'Comedy', 'Drama']",movies,5.9,168.0,it,1.1763,"['gunmen', 'performers', 'victims', 'circus', 'unusual']"
115,Madre (Doblado),https://tubitv.com/series/300009446/madre-doblado?start=true,2016,,TV-14,"['Drama', 'Foreign/International']",series,,,,,"['', '', '', '', '']"
116,Absence of Innocence,https://tubitv.com/movies/701100/absence-of-innocence?start=true,2022,1 hr 29 min,TV-MA,"['Drama', 'Crime']",movies,2.667,3.0,en,0.3339,"['torris', 'leads', 'drew', 'obsession', 'refusing']"
117,He Played Me 2,https://tubitv.com/movies/703676/he-played-me-2?start=true,2022,1 hr 55 min,TV-MA,['Drama'],movies,1.0,2.0,en,0.1994,"['yazmin', 'aftermath', 'sequel', 'tumultuous', 'recovers']"
118,Platinum,https://tubitv.com/movies/700214/platinum?start=true,2022,2 hr 3 min,TV-MA,"['Crime', 'Drama']",movies,0.0,0.0,en,3.7686,"['platinum', 'gets', 'pimp', 'revenge', 'powerful']"
119,Ultimate Betrayal,https://tubitv.com/movies/703674/ultimate-betrayal?start=true,2022,59 min,TV-MA,['Drama'],movies,0.0,0.0,en,0.0946,"['secrets', 'closer', 'close', 'friends', 'lies']"
120,He Played Me,https://tubitv.com/movies/612039/he-played-me?start=true,2021,1 hr 50 min,TV-MA,['Drama'],movies,6.0,1.0,en,0.1298,"['love', 'yazmin', 'desires', 'romance', 'loveless']"
121,Perfume De Violetas,https://tubitv.com/movies/660973/perfume-de-violetas?start=true,2001,1 hr 28 min,TV-14,['Drama'],movies,7.787,218.0,es,19.6833,"['yessica', 'friendship', 'schoolmate', 'friends', 'miriam']"
122,"Sexo, Amor Y Otras Perversiones",https://tubitv.com/movies/662183/sexo-amor-y-otras-perversiones?start=true,2005,1 hr 33 min,TV-MA,"['Drama', 'Romance']",movies,,,,,"['', '', '', '', '']"
123,Entre Compadres Te Veas,https://tubitv.com/movies/702536/entre-compadres-te-veas?start=true,1989,1 hr 33 min,TV-PG,"['Comedy', 'Drama', 'Foreign/International']",movies,,,,,"['', '', '', '', '']"
124,El Cuatrero,https://tubitv.com/movies/702534/el-cuatrero?start=true,1989,1 hr 27 min,TV-PG,"['Comedy', 'Action', 'Adventure', 'Foreign/International']",movies,,,,,"['', '', '', '', '']"
125,It’s a Wonderful Life (Abridged Edition),https://tubitv.com/movies/705527/it-s-a-wonderful-life-abridged-edition?start=true,1946,1 hr 46 min,PG,"['Kids & Family', 'Drama', 'Holiday', 'Fantasy']",movies,,,,,"['', '', '', '', '']"
126,Christmas on My Block,https://tubitv.com/movies/622904/christmas-on-my-block?start=true,2021,1 hr 35 min,TV-14,['Drama'],movies,4.0,2.0,en,0.6785,"['lives', 'life', 'forever', 'different', 'meet']"
127,The Christmas Gift,https://tubitv.com/movies/568625/the-christmas-gift?start=true,1986,1 hr 34 min,TV-G,"['Drama', 'Holiday']",movies,5.5,17.0,en,0.4424,"['santa', 'claus', 'christmas', 'town', 'mystical']"
128,Rosemont,https://tubitv.com/movies/479213/rosemont?start=true,2017,1 hr 33 min,TV-14,"['Drama', 'Holiday']",movies,,,,,"['', '', '', '', '']"
129,Jeff Dunham: Very Special Christmas Special,https://tubitv.com/movies/489898/jeff-dunham-very-special-christmas-special?start=true,2008,1 hr 25 min,TV-MA,"['Comedy', 'Holiday']",movies,6.597,77.0,en,0.4759,"['comedian', 'stand', 'special', 'holiday', 'performs']"
130,American Violet,https://tubitv.com/movies/701940/american-violet?start=true,2008,1 hr 43 min,PG-13,['Drama'],movies,6.7,40.0,en,1.003,"['dee', 'attorney', 'threaten', 'overcoming', 'justice']"
131,The Love Witch,https://tubitv.com/movies/683309/the-love-witch?start=true,2016,2 hr 0 min,TV-MA,"['Comedy', 'Horror', 'Romance']",movies,6.431,614.0,en,3.9163,"['spells', 'magic', 'witch', 'deadly', 'fall']"
132,Dial M For Murder,https://tubitv.com/movies/326245/dial-m-for-murder?start=true,1954,1 hr 45 min,PG,"['Drama', 'Thriller', 'Mystery', 'Crime']",movies,8.0,2808.0,en,5.0446,"['wealthy', 'jealous', 'woman', 'fortune', 'husband']"
133,Suspiria,https://tubitv.com/movies/326260/suspiria?start=true,1977,1 hr 38 min,R,"['Horror', 'Thriller']",movies,7.5,3147.0,it,10.9097,"['prestigious', 'comes', 'academy', 'murders', 'grisly']"
134,Bodied,https://tubitv.com/movies/684356/bodied?start=true,2018,2 hr 0 min,R,"['Comedy', 'Drama', 'Music', 'Independent']",movies,7.2,125.0,en,0.8707,"['thesis', 'obsession', 'graduate', 'competitive', 'subject']"
135,Gloomy Sunday,https://tubitv.com/movies/521793/gloomy-sunday?start=true,2003,1 hr 54 min,TV-MA,"['Drama', 'Foreign/International']",movies,,,,,"['', '', '', '', '']"
136,Super Dark Times,https://tubitv.com/movies/579379/super-dark-times?start=true,2017,1 hr 42 min,TV-MA,"['Drama', 'Thriller', 'Independent']",movies,6.468,664.0,en,1.4143,"['teenagers', 'zach', 'gruesome', 'propels', 'friends']"
137,Charade,https://tubitv.com/movies/682992/charade?start=true,1963,1 hr 53 min,TV-PG,"['Comedy', 'Mystery', 'Romance']",movies,7.659,1504.0,en,8.8034,"['peter', 'stole', 'french', 'husband', 'paris']"
138,Housebound,https://tubitv.com/movies/499465/housebound?start=true,2014,1 hr 51 min,TV-MA,"['Horror', 'Comedy', 'Independent']",movies,6.573,902.0,en,1.8595,"['unsociable', 'behaviour', 'hostile', 'blabbering', 'sentenced']"
139,Hunt for the Wilderpeople,https://tubitv.com/movies/579275/hunt-for-the-wilderpeople?start=true,2016,1 hr 41 min,PG-13,"['Comedy', 'Drama', 'Independent', 'Adventure']",movies,7.65,2262.0,en,3.2902,"['manhunt', 'survive', 'wild', 'young', 'cantankerous']"
140,The Bells of St. Mary's,https://tubitv.com/movies/546117/the-bells-of-st-mary-s?start=true,1945,2 hr 6 min,TV-PG,['Drama'],movies,6.8,146.0,en,1.0289,"['parochial', 'disagreements', 'differing', 'condemnation', 'st']"
141,All Things Fair,https://tubitv.com/movies/475177/all-things-fair?start=true,1996,2 hr 9 min,TV-MA,"['Drama', 'Romance', 'War']",movies,6.39,164.0,sv,6.4894,"['unfaithful', 'lad', 'lout', 'innocence', 'old']"
142,Notorious,https://tubitv.com/movies/597657/notorious?start=true,1946,1 hr 41 min,TV-14,"['Thriller', 'Drama']",movies,7.7,1723.0,en,4.3528,"['alicia', 'undercover', 'nazi', 'nazis', 'spy']"
143,The Final Solution,https://tubitv.com/movies/700349/the-final-solution?start=true,1981,1 hr 24 min,TV-PG,"['Documentary', 'War']",movies,5.9,10.0,de,0.189,"['hitler', 'jews', 'human', '1930s', 'people']"
144,The Heart of Christmas,https://tubitv.com/movies/492378/the-heart-of-christmas?start=true,2011,1 hr 26 min,TV-G,"['Drama', 'Holiday']",movies,6.2,19.0,en,4.5312,"['julie', 'diagnosed', 'flashback', 'leukemia', 'months']"
145,A Woman Scorned: The Betty Broderick Story,https://tubitv.com/movies/564235/a-woman-scorned-the-betty-broderick-story?start=true,1992,1 hr 33 min,PG-13,"['Drama', 'Thriller']",movies,5.7,16.0,en,5.1509,"['affair', 'assault', 'hurt', 'betrayal', 'attorney']"
146,Christmas Eve,https://tubitv.com/movies/568608/christmas-eve?start=true,1986,1 hr 34 min,TV-14,['Drama'],movies,6.6,7.0,en,4.542,"['lives', 'reunite', 'story', 'homeless', 'children']"
147,Birdman of Alcatraz,https://tubitv.com/movies/658213/birdman-of-alcatraz?start=true,1962,2 hr 28 min,TV-14,"['Crime', 'Drama']",movies,7.501,335.0,en,1.9414,"['imprisonment', 'prison', 'stroud', 'convict', 'despair']"
148,Animal Farm,https://tubitv.com/movies/506707/animal-farm?start=true,1954,1 hr 13 min,TV-PG,"['Animation', 'Drama']",movies,7.027,526.0,en,5.1189,"['farmers', 'revolution', 'farm', 'animals', 'corruption']"
149,The Chosen,https://tubitv.com/series/300007679/the-chosen?start=true,2017,,TV-PG,['Drama'],series,8.67,768.0,en,86.3403,"['christ', 'eyes', 'encountered', 'life', '']"
150,Lockdown: 2025,https://tubitv.com/movies/622272/lockdown-2025?start=true,2021,1 hr 33 min,TV-MA,"['Sci-Fi', 'Thriller']",movies,7.25,6.0,en,1.0717,"['lockdown', 'safety', 'contagious', 'nationwide', 'virus']"
151,The Christmas Spirit,https://tubitv.com/movies/700185/the-christmas-spirit?start=true,2022,1 hr 29 min,TV-PG,"['Drama', 'Holiday']",movies,2.667,3.0,en,1.6201,"['girl', 'teenage', 'sister', 'kidnap', 'bears']"
152,God's Compass,https://tubitv.com/movies/436689/god-s-compass?start=true,2016,1 hr 43 min,TV-PG,['Drama'],movies,8.2,9.0,en,0.9534,"['life', 'lives', 'lessons', 'lesson', 'lifetime']"
153,To Hell and Back,https://tubitv.com/movies/609347/to-hell-and-back?start=true,2015,1 hr 22 min,TV-G,['Drama'],movies,,,,,"['', '', '', '', '']"
154,Break Every Chain,https://tubitv.com/movies/665447/break-every-chain?start=true,2021,1 hr 43 min,TV-14,['Drama'],movies,6.712,26.0,en,3.7007,"['sadness', 'horrific', 'losing', 'drowning', 'darkness']"
155,Message and the Messenger,https://tubitv.com/movies/683760/message-and-the-messenger?start=true,2022,1 hr 55 min,TV-MA,['Drama'],movies,0.0,0.0,en,0.1297,"['blessing', 'blessings', 'bless', 'jessica', 'god']"
156,The Second Coming of Christ,https://tubitv.com/movies/602257/the-second-coming-of-christ?start=true,2018,1 hr 32 min,TV-14,"['Action', 'Drama']",movies,3.8,6.0,en,1.1306,"['miracles', 'faith', 'journey', 'discovers', 'true']"
157,Sins of the Father,https://tubitv.com/movies/609358/sins-of-the-father?start=true,2019,1 hr 22 min,TV-14,"['Drama', 'Crime']",movies,0.0,0.0,en,0.2816,"['murder', 'investigate', 'pastor', 'police', 'conspiracy']"
158,Black Christmas,https://tubitv.com/movies/469540/black-christmas?start=true,1974,1 hr 37 min,R,"['Horror', 'Holiday']",movies,6.9,925.0,en,2.4936,"['sorority', 'harass', 'kappa', 'sigma', 'calls']"
159,Trailer Park Boys: The SwearNet Show,https://tubitv.com/series/300009213/trailer-park-boys-the-swearnet-show?start=true,2022,,TV-MA,"['Comedy', 'Crime']",series,7.5,2.0,en,1.7875,"['comedy', 'entertainment', 'trailer', 'whaddya', 'healthy']"
160,Samurai Cop,https://tubitv.com/movies/324874/samurai-cop?start=true,1991,1 hr 36 min,TV-14,"['Action', 'Crime']",movies,4.6,204.0,en,5.5116,"['samurai', 'yakuza', 'fisted', 'man', 'fearless']"
161,Batman,https://tubitv.com/movies/636895/batman?start=true,1943,3 hr 35 min,TV-PG,"['Action', 'Adventure', 'Crime', 'Fantasy']",movies,6.2,125.0,en,5.7699,"['gotham', 'espionage', 'spy', 'covert', 'batman']"
162,"A Genius, Two Partners, and a Dupe",https://tubitv.com/movies/652471/a-genius-two-partners-and-a-dupe?start=true,1975,1 hr 56 min,TV-MA,"['Comedy', 'Western']",movies,6.255,184.0,it,9.2049,"['joe', 'cabot', 'steal', 'disguises', 'elaborate']"
163,What?,https://tubitv.com/movies/635240/what?start=true,1972,1 hr 53 min,TV-MA,['Comedy'],movies,5.42,137.0,it,1.0355,"['finds', 'italy', 'mediterranean', 'traveling', 'strange']"
164,The Toxic Avenger,https://tubitv.com/movies/655405/the-toxic-avenger?start=true,1984,1 hr 22 min,R,"['Action', 'Comedy', 'Horror']",movies,6.267,638.0,en,5.5614,"['horribly', 'toxic', 'cruel', 'hazardous', 'wrong']"
165,Dolemite,https://tubitv.com/movies/496328/dolemite?start=true,1975,1 hr 30 min,R,"['Action', 'Crime', 'Comedy']",movies,5.849,129.0,en,0.7002,"['jail', 'cops', 'sentenced', 'busted', 'willie']"
166,Return to Savage Beach,https://tubitv.com/movies/646717/return-to-savage-beach?start=true,1998,1 hr 37 min,R,"['Action', 'Comedy', 'Crime']",movies,6.013,225.0,en,9.6078,"['tresaure', 'treasure', 'trove', 'sexy', 'stolen']"
167,Malibu Express,https://tubitv.com/movies/646724/malibu-express?start=true,1985,1 hr 41 min,R,"['Action', 'Comedy', 'Crime']",movies,4.8,73.0,en,4.8594,"['mcafee', 'spy', 'infiltrate', 'secrets', 'erotic']"
168,Twin Dragons,https://tubitv.com/movies/639644/twin-dragons?start=true,1992,1 hr 29 min,PG-13,"['Action', 'Comedy', 'Foreign/International']",movies,6.7,419.0,cn,5.9002,"['twins', 'entangled', 'mistaken', 'worlds', 'adulthood']"
169,"Deadly Strike (Wanted! Bruce Li, Dead or Alive)",https://tubitv.com/movies/552523/deadly-strike-wanted-bruce-li-dead-or-alive?start=true,1978,1 hr 31 min,TV-14,['Action'],movies,5.8,10.0,zh,5.5241,"['killing', 'murdered', 'murder', 'gang', 'prisoner']"
170,The Martial Arts Kid,https://tubitv.com/movies/697872/the-martial-arts-kid?start=true,2015,1 hr 43 min,TV-14,"['Action', 'Kids & Family']",movies,6.8,12.0,en,0.4839,"['bullying', 'skills', 'confidence', 'defense', 'martial']"
171,Blood Money,https://tubitv.com/movies/500676/blood-money?start=true,2012,1 hr 48 min,R,"['Action', 'Thriller']",movies,4.2,21.0,en,1.7053,"['cartel', 'hostage', 'kill', 'kidnapped', 'drugs']"
172,Armour of God,https://tubitv.com/movies/691076/armour-of-god?start=true,1986,1 hr 32 min,TV-MA,"['Action', 'Adventure', 'Comedy', 'Foreign/International']",movies,7.044,632.0,cn,9.2144,"['exotic', 'sword', 'legendary', 'adventurer', 'mysterious']"
173,36 Deadly Styles,https://tubitv.com/movies/551258/36-deadly-styles?start=true,1982,1 hr 32 min,TV-MA,['Action'],movies,4.0,4.0,zh,5.3512,"['deadly', 'father', 'death', 'man', 'avenge']"
174,Mystery of Chess Boxing,https://tubitv.com/movies/551224/mystery-of-chess-boxing?start=true,1979,1 hr 30 min,TV-MA,"['Action', 'Drama']",movies,6.0,13.0,zh,4.617,"['martial', 'chun', 'ninja', 'evil', 'battles']"
175,The Invincible Armour,https://tubitv.com/movies/551290/the-invincible-armour?start=true,1977,1 hr 45 min,TV-MA,['Action'],movies,6.697,33.0,zh,6.421,"['hwang', 'expert', 'liu', 'fugitive', 'lee']"
176,El Retorno Del Tigre (Doblado),https://tubitv.com/movies/691397/el-retorno-del-tigre-doblado?start=true,1977,1 hr 36 min,TV-MA,"['Action', 'Crime', 'Foreign/International']",movies,,,,,"['', '', '', '', '']"
177,Bringing Up Bates,https://tubitv.com/series/3842/bringing-up-bates?start=true,2015,,TV-G,"['Reality', 'Kids & Family']",series,7.3,10.0,en,3.914,"['joyful', 'exponentially', 'ages', 'kids', 'moments']"
178,Ultimate Cowboy Showdown,https://tubitv.com/series/300005088/ultimate-cowboy-showdown?start=true,2019,,TV-PG,['Reality'],series,3.7,3.0,en,0.3251,"['buckle', 'cowboys', 'belt', 'herd', 'cattle']"
179,Slime Wars,https://tubitv.com/series/300009405/slime-wars?start=true,2022,,TV-G,['Reality'],series,,,,,"['', '', '', '', '']"
180,World Poker Tour,https://tubitv.com/series/2418/world-poker-tour?start=true,2014,,TV-PG,"['Reality', 'Sport']",series,,,,,"['', '', '', '', '']"
181,The Joy of Painting With Bob Ross,https://tubitv.com/series/3936/the-joy-of-painting-with-bob-ross?start=true,2019,,TV-G,"['Reality', 'Kids & Family', 'Lifestyle']",series,,,,,"['', '', '', '', '']"
182,Spook Show 17,https://tubitv.com/series/300009519/spook-show-17?start=true,2022,,TV-MA,"['Reality', 'Comedy', 'Horror']",series,7.0,1.0,en,0.0954,"['reality', 'episodes', 'tv', 'haunted', 'truly']"
183,Hollywood Divas,https://tubitv.com/series/300007350/hollywood-divas?start=true,2014,,TV-14,"['Reality', 'Lifestyle']",series,8.4,7.0,en,1.7846,"['actress', 'actresses', 'celebrities', 'stars', 'fame']"
184,Hot Ones,https://tubitv.com/series/300008560/hot-ones?start=true,2015,,TV-14,"['Comedy', 'Lifestyle', 'Reality']",series,7.15,70.0,en,35.5309,"['hot', 'hotter', 'heat', 'interviews', 'guest']"
185,Operation Repo,https://tubitv.com/series/300005553/operation-repo?start=true,2007,,TV-14,['Reality'],series,,,,,"['', '', '', '', '']"
186,Paranormal Captured,https://tubitv.com/series/4384/paranormal-captured?start=true,2018,,TV-14,"['Reality', 'Horror']",series,,,,,"['', '', '', '', '']"
187,McLintock!,https://tubitv.com/movies/601252/mclintock?start=true,1963,2 hr 10 min,TV-PG,['Western'],movies,6.6,252.0,en,3.4232,"['mclintock', 'man', 'americans', 'rancher', 'wants']"
188,Miracle on 34th Street: The Classic Christmas Story,https://tubitv.com/movies/697550/miracle-on-34th-street-the-classic-christmas-story?start=true,1955,45 min,TV-G,"['Comedy', 'Drama', 'Holiday']",movies,,,,,"['', '', '', '', '']"
189,Popeye and Friends (Vol. 1),https://tubitv.com/movies/490046/popeye-and-friends-vol-1?start=true,1937,1 hr 5 min,TV-G,"['Kids & Family', 'Animation', 'Comedy']",movies,,,,,"['', '', '', '', '']"
190,The Little Rascals: Best of Our Gang (In Color),https://tubitv.com/movies/536870/the-little-rascals-best-of-our-gang-in-color?start=true,1931,1 hr 23 min,TV-14,"['Comedy', 'Kids & Family']",movies,0.0,0.0,en,0.0934,"['fantastic', 'hilarious', 'beautiful', 'spanky', 'porky']"
191,The Hound of the Baskervilles,https://tubitv.com/movies/559765/the-hound-of-the-baskervilles?start=true,1939,1 hr 19 min,TV-PG,"['Mystery', 'Horror', 'Thriller']",movies,7.1,218.0,en,1.1542,"['sherlock', 'detective', 'holmes', 'investigate', 'nobleman']"
192,Saint Seiya Saintia Sho (Sub Esp),https://tubitv.com/series/300006906/saint-seiya-saintia-sho-sub-esp?start=true,2018,,TV-14,"['Anime', 'Fantasy', 'Adventure', 'Action']",series,,,,,"['', '', '', '', '']"
193,Future Card Buddy Fight,https://tubitv.com/series/300005026/future-card-buddy-fight?start=true,2014,,TV-PG,['Anime'],series,,,,,"['', '', '', '', '']"
194,Yu-Gi-Oh! VRAINS,https://tubitv.com/series/300008489/yu-gi-oh-vrains?start=true,2017,,TV-Y7_FV,"['Anime', 'Fantasy']",series,7.0,25.0,ja,19.6294,"['yusaku', 'technologies', 'vr', 'vrains', 'sol']"
195,GGo Football (Español),https://tubitv.com/series/300005701/ggo-football-espa-ol?start=true,2010,,TV-Y7_FV,"['Anime', 'Sport', 'Kids & Family']",series,,,,,"['', '', '', '', '']"
196,Daddy Long Legs,https://tubitv.com/movies/184139/daddy-long-legs?start=true,1980,1 hr 3 min,TV-PG,"['Anime', 'Drama', 'Romance']",movies,6.0,1.0,en,0.0071,"['scholarship', 'prestigious', 'orphanage', 'admirer', 'earns']"
197,Street Fighter: The New Challengers,https://tubitv.com/movies/540241/street-fighter-the-new-challengers?start=true,2011,1 hr 30 min,TV-14,"['Animation', 'Anime', 'Action']",movies,5.857,7.0,en,0.1554,"['chun', 'journey', 'takes', 'ryu', 'kong']"
198,Spider Riders,https://tubitv.com/series/300004936/spider-riders?start=true,2006,,TV-Y7,['Anime'],series,7.3,3.0,ja,4.5135,"['spider', 'spiders', 'world', 'hunter', 'enemies']"
199,Saint Seiya Saintia Sho (Subtitled),https://tubitv.com/series/300006594/saint-seiya-saintia-sho-subtitled?start=true,2018,,TV-14,"['Anime', 'Fantasy']",series,,,,,"['', '', '', '', '']"
200,Screechers Wild!,https://tubitv.com/series/300008822/screechers-wild?start=true,2018,,TV-PG,"['Anime', 'Foreign/International']",series,5.5,2.0,zh,22.7555,"['2016', 'series', '2018', 'produced', 'coproduction']"
201,Wonder Plants,https://tubitv.com/series/300006639/wonder-plants?start=true,2018,,TV-PG,"['Anime', 'Kids & Family', 'Adventure', 'Fantasy', 'Foreign/International']",series,,,,,"['', '', '', '', '']"
202,Dark Side of the Ring,https://tubitv.com/series/300008190/dark-side-of-the-ring?start=true,2019,,TV-14,"['Documentary', 'Drama', 'Sport']",series,8.255,53.0,en,6.2673,"['reality', 'truth', 'veiled', 'fantasy', 'intersection']"
203,While the Rest of Us Die: Secrets of America's Shadow Government,https://tubitv.com/series/300009263/while-the-rest-of-us-die-secrets-of-america-s-shadow-government?start=true,2020,,TV-14,['Documentary'],series,5.5,2.0,en,0.2114,"['security', 'government', 'political', 'citizens', 'plans']"
204,Unsung,https://tubitv.com/series/300009126/unsung?start=true,2008,,TV-PG,"['Documentary', 'Music']",series,4.7,5.0,en,4.0006,"['music', 'artists', 'awards', 'stories', 'charts']"
205,Hitler's Secret Sex Life,https://tubitv.com/series/300009740/hitler-s-secret-sex-life?start=true,2021,,TV-MA,['Documentary'],series,4.0,2.0,en,1.3665,"['hitler', 'sex', 'adolf', 'psychology', 'dictator']"
206,The Devil You Know,https://tubitv.com/series/300008610/the-devil-you-know?start=true,2019,,TV-MA,"['Documentary', 'Crime']",series,7.1,10.0,en,0.5696,"['pazuzu', 'satanist', 'truth', 'proclaimed', 'journalist']"
207,America's 60 Greatest Unsolved Mysteries and Crimes,https://tubitv.com/series/1763/america-s-60-greatest-unsolved-mysteries-and-crimes?start=true,2010,,TV-14,"['Documentary', 'Mystery']",series,0.0,0.0,en,0.2883,"['mysteries', 'crimes', 'compelling', 'documentary', 'notorious']"
208,Donkmaster,https://tubitv.com/series/300008884/donkmaster?start=true,2019,,TV-14,"['Documentary', 'Sport']",series,,,,,"['', '', '', '', '']"
209,A Football Life,https://tubitv.com/series/300008898/a-football-life?start=true,2011,,TV-G,"['Sport', 'Documentary']",series,6.4,9.0,en,3.5747,"['nfl', 'viewers', 'aired', 'documentary', 'football']"
210,Dark Side of the Ring: Confidential,https://tubitv.com/series/300008886/dark-side-of-the-ring-confidential?start=true,2021,,TV-14,"['Documentary', 'Sport']",series,0.0,0.0,en,0.1664,"['episode', 'episodes', 'scenes', 'stories', 'interviews']"
211,Mysteries of the Ancient World,https://tubitv.com/series/4361/mysteries-of-the-ancient-world?start=true,2005,,TV-PG,['Documentary'],series,,,,,"['', '', '', '', '']"
212,Eddie Griffin: You Can Tell 'Em I Said It,https://tubitv.com/movies/440278/eddie-griffin-you-can-tell-em-i-said-it?start=true,2011,1 hr 22 min,TV-MA,['Comedy'],movies,7.559,17.0,en,1.8044,"['literally', 'laughing', 'comedic', 'eddie', 'buzzes']"
213,Sebastian Maniscalco: Aren't You Embarrassed?,https://tubitv.com/movies/583763/sebastian-maniscalco-aren-t-you-embarrassed?start=true,2014,1 hr 2 min,TV-MA,['Comedy'],movies,7.87,27.0,en,0.3612,"['embarrassed', 'annoyances', 'comedy', 'laughter', 'obnoxious']"
214,DeMarcus Cousins Presents Boogie's Comedy Slam,https://tubitv.com/movies/544241/demarcus-cousins-presents-boogie-s-comedy-slam?start=true,2020,1 hr 11 min,TV-MA,['Comedy'],movies,7.3,3.0,en,0.4351,"['boogie', 'mike', 'tony', 'karlous', 'gary']"
215,Bill Engvall: Just Sell Him for Parts,https://tubitv.com/movies/666036/bill-engvall-just-sell-him-for-parts?start=true,2016,1 hr 14 min,TV-14,['Comedy'],movies,6.429,7.0,en,0.1863,"['funny', 'laugh', 'fun', 'jokes', 'satire']"
216,Blue Collar Comedy Tour Rides Again,https://tubitv.com/movies/666037/blue-collar-comedy-tour-rides-again?start=true,2004,1 hr 46 min,TV-14,['Comedy'],movies,5.672,32.0,en,0.9757,"['comedians', 'reunited', 'perform', 'movie', 'foxworthy']"
217,"Lavell Crawford: New Look, Same Funny",https://tubitv.com/movies/609562/lavell-crawford-new-look-same-funny?start=true,2019,1 hr 27 min,TV-MA,['Comedy'],movies,0.0,0.0,en,0.395,"['telling', 'tell', 'reckoned', 'big', 'ready']"
218,Jeff Dunham: All Over the Map,https://tubitv.com/movies/535653/jeff-dunham-all-over-the-map?start=true,2014,1 hr 23 min,TV-14,['Comedy'],movies,6.159,22.0,en,0.2043,"['comedians', 'malaysia', 'shows', 'american', 'unprecedented']"
219,Jeff Dunham: Spark of Insanity,https://tubitv.com/movies/547570/jeff-dunham-spark-of-insanity?start=true,2007,1 hr 19 min,TV-14,['Comedy'],movies,6.859,96.0,en,0.6378,"['hilarious', 'comedy', 'humor', 'ventriloquist', 'dead']"
220,The Dawn Wall,https://tubitv.com/movies/640974/the-dawn-wall?start=true,2017,1 hr 40 min,TV-PG,"['Documentary', 'Sport', 'Independent']",movies,8.0,344.0,en,1.0889,"['climb', 'ascent', 'climbers', 'ascend', 'inspiring']"
221,Long Nights Short Mornings,https://tubitv.com/movies/641008/long-nights-short-mornings?start=true,2016,1 hr 41 min,TV-MA,"['Drama', 'Independent', 'Romance']",movies,4.7,21.0,en,0.6499,"['encounters', 'experiences', 'fleeting', 'profound', 'life']"
222,"Book of Secrets: Aliens, Ghosts and Ancient Mysteries",https://tubitv.com/movies/650973/book-of-secrets-aliens-ghosts-and-ancient-mysteries?start=true,2021,1 hr 2 min,TV-14,"['Documentary', 'Independent']",movies,,,,,"['', '', '', '', '']"
223,Escape 2120,https://tubitv.com/movies/550854/escape-2120?start=true,2020,1 hr 47 min,TV-14,"['Sci-Fi', 'Adventure', 'Independent']",movies,4.6,7.0,en,0.4591,"['evade', 'prophesied', 'escapes', 'orphan', 'devil']"
224,"Sex, Guaranteed",https://tubitv.com/movies/455985/sex-guaranteed?start=true,2017,1 hr 21 min,TV-MA,"['Comedy', 'Romance', 'Independent']",movies,5.6,30.0,en,2.544,"['zade', 'heartbroken', 'legendary', 'fiancée', 'escort']"
225,Amazon Queen,https://tubitv.com/movies/678598/amazon-queen?start=true,2021,1 hr 25 min,TV-14,"['Action', 'Drama', 'Independent']",movies,4.4,8.0,en,9.7792,"['aboard', 'survival', 'desperate', 'endangering', 'cruise']"
226,Journey's End,https://tubitv.com/movies/577111/journey-s-end?start=true,2017,1 hr 47 min,R,"['Drama', 'Independent']",movies,6.337,325.0,en,6.0408,"['stanhope', 'disintegrating', 'aisne', 'young', 'dugout']"
227,Videoverse,https://tubitv.com/movies/621020/videoverse?start=true,2021,1 hr 7 min,TV-MA,"['Comedy', 'Adult', 'Horror']",movies,4.9,10.0,en,2.1454,"['sex', 'erotic', 'love', 'movie', 'couple']"
228,To Love a Ghost,https://tubitv.com/movies/521943/to-love-a-ghost?start=true,2001,1 hr 18 min,R,['Romance'],movies,5.7,10.0,ja,4.3354,"['lives', 'teenager', 'lived', 'dreams', 'everyday']"
229,Femalien: Cosmic Crush,https://tubitv.com/movies/601430/femalien-cosmic-crush?start=true,2020,1 hr 22 min,TV-MA,"['Comedy', 'Adventure', 'Sci-Fi']",movies,4.167,12.0,en,1.6133,"['psychosexual', 'erotic', 'seductively', 'cosmic', 'femaliens']"
230,Evil Bong,https://tubitv.com/movies/661116/evil-bong?start=true,2006,1 hr 24 min,TV-MA,"['Comedy', 'Horror']",movies,3.4,87.0,en,1.7506,"['bizarre', 'strange', 'drugged', 'marijuana', 'hardcore']"
231,Slave Girls From Beyond,https://tubitv.com/movies/463111/slave-girls-from-beyond?start=true,1987,1 hr 14 min,R,"['Horror', 'Comedy', 'Fantasy', 'Sci-Fi']",movies,4.736,72.0,en,1.1866,"['hunted', 'escape', 'hide', 'hidden', 'galaxy']"
232,Femalien: Starlight Saga,https://tubitv.com/movies/691203/femalien-starlight-saga?start=true,2022,1 hr 8 min,TV-MA,"['Adult', 'Comedy', 'Fantasy', 'Sci-Fi']",movies,3.4,5.0,en,0.9104,"['planet', 'earth', 'cosmic', 'galactic', 'femaliens']"
233,Giantess Battle Attack!,https://tubitv.com/movies/692255/giantess-battle-attack?start=true,2022,59 min,TV-MA,"['Comedy', 'Fantasy', 'Sci-Fi']",movies,5.64,26.0,en,3.9059,"['beastly', 'smackdown', 'giantess', 'hell', 'domination']"
234,Puppetmaster,https://tubitv.com/movies/463117/puppetmaster?start=true,1989,1 hr 28 min,R,"['Horror', 'Fantasy', 'Sci-Fi']",movies,5.8,381.0,en,2.1221,"['stalked', 'secluded', 'mysterious', 'psychics', 'contacted']"
235,Model for Murder,https://tubitv.com/movies/621066/model-for-murder?start=true,2016,47 min,TV-MA,"['Thriller', 'Adult', 'LGBT', 'Mystery']",movies,4.6,14.0,en,2.1014,"['glamorous', 'mystery', 'killer', 'coveted', 'unravel']"
236,Gingerdead Man,https://tubitv.com/movies/467385/gingerdead-man?start=true,2005,1 hr 10 min,R,"['Horror', 'Comedy', 'Fantasy']",movies,3.939,107.0,en,1.9463,"['killer', 'evil', 'gingerbread', 'cookie', 'monster']"
237,Carter High,https://tubitv.com/movies/704523/carter-high?start=true,2015,1 hr 48 min,PG-13,"['Drama', 'Sport']",movies,6.6,8.0,en,0.796,"['dallas', 'texas', 'futures', 'field', 'irrevocably']"
238,Born to Race,https://tubitv.com/movies/460627/born-to-race?start=true,2011,1 hr 38 min,PG-13,"['Sport', 'Action']",movies,6.898,225.0,en,2.6289,"['racer', 'race', 'collision', 'nascar', 'danny']"
239,The Perfect Game,https://tubitv.com/movies/496031/the-perfect-game?start=true,2011,1 hr 57 min,PG,"['Comedy', 'Drama', 'Sport', 'Kids & Family']",movies,6.8,15.0,ko,2.5441,"['baseball', 'pitchers', 'choi', 'tigers', 'giants']"
240,Lionel Messi: The Greatest,https://tubitv.com/movies/671254/lionel-messi-the-greatest?start=true,2020,57 min,TV-14,"['Documentary', 'Sport']",movies,4.5,2.0,en,0.2148,"['player', 'winner', 'greatest', 'scorer', 'winning']"
241,Maradona: The Greatest Ever,https://tubitv.com/movies/671308/maradona-the-greatest-ever?start=true,2021,55 min,TV-PG,"['Documentary', 'Sport']",movies,4.0,3.0,en,0.181,"['incredible', 'greatest', 'maradona', 'impossible', 'achievements']"
242,Mi Prima Ciela,https://tubitv.com/series/300007338/mi-prima-ciela?start=true,2007,,TV-14,['Drama'],series,0.0,0.0,es,2.7483,"['telenovela', 'telenovelas', 'ciela', 'raquel', 'venezuelan']"
243,Mi Gorda Bella,https://tubitv.com/series/300006840/mi-gorda-bella?start=true,2002,,TV-14,"['Drama', 'Romance']",series,7.611,167.0,es,4.4923,"['loving', 'love', 'overcome', 'woman', 'overweight']"
244,¿Dónde Está Chicky?,https://tubitv.com/series/300006131/d-nde-est-chicky?start=true,2014,,TV-Y,"['Kids & Family', 'Animation']",series,,,,,"['', '', '', '', '']"
245,Zig & Sharko (Español),https://tubitv.com/series/300006132/zig-sharko-espa-ol?start=true,2010,,TV-Y,"['Kids & Family', 'Animation']",series,,,,,"['', '', '', '', '']"
246,La Fiesta De Los Comediantes,https://tubitv.com/series/300007135/la-fiesta-de-los-comediantes?start=true,2019,,TV-MA,"['Comedy', 'Foreign/International']",series,,,,,"['', '', '', '', '']"
247,Nadie Me Dirá Como Quererte,https://tubitv.com/series/300009196/nadie-me-dir-como-quererte?start=true,2008,,TV-14,"['Drama', 'Foreign/International']",series,5.5,2.0,es,0.1726,"['', '', '', '', '']"
248,Oggy Y Las Cucarachas,https://tubitv.com/series/300006130/oggy-y-las-cucarachas?start=true,1997,,TV-Y,"['Kids & Family', 'Animation', 'Comedy']",series,,,,,"['', '', '', '', '']"
249,Untold Stories of the ER (Español),https://tubitv.com/series/4676/untold-stories-of-the-er-espa-ol?start=true,2004,,TV-PG,"['Reality', 'Documentary']",series,,,,,"['', '', '', '', '']"
250,Christmas Tree Lights & Holiday Music,https://tubitv.com/movies/640188/christmas-tree-lights-holiday-music?start=true,2021,1 hr 0 min,TV-G,"['Music', 'Holiday']",movies,,,,,"['', '', '', '', '']"
251,Outdoor Christmas Trees with Holiday Music,https://tubitv.com/movies/640187/outdoor-christmas-trees-with-holiday-music?start=true,2021,1 hr 15 min,TV-G,"['Music', 'Holiday']",movies,,,,,"['', '', '', '', '']"
252,"Rain Sounds + Stream for Sleep, Focus, Studying - Nature Video White Noise",https://tubitv.com/movies/568044/rain-sounds-stream-for-sleep-focus-studying-nature-video-white-noise?start=true,2019,2 hr 0 min,TV-G,['Music'],movies,,,,,"['', '', '', '', '']"
253,The Nutcracker Ballet,https://tubitv.com/movies/547353/the-nutcracker-ballet?start=true,2002,1 hr 10 min,TV-G,"['Kids & Family', 'Musicals', 'Holiday']",movies,0.0,1.0,en,0.2229,"['ballet', 'theatre', 'opera', 'magical', 'orchestra']"
254,Christmas Tree & Piano Music,https://tubitv.com/movies/640184/christmas-tree-piano-music?start=true,2020,1 hr 0 min,TV-G,"['Music', 'Holiday']",movies,,,,,"['', '', '', '', '']"
255,The Bobby Debarge Story,https://tubitv.com/movies/609739/the-bobby-debarge-story?start=true,2019,1 hr 23 min,TV-14,"['Drama', 'Music']",movies,5.7,3.0,en,0.5492,"['iconic', 'fame', 'famous', 'debarge', 'singer']"
256,Standing Ovation,https://tubitv.com/movies/518587/standing-ovation?start=true,2010,1 hr 46 min,PG,"['Musicals', 'Comedy', 'Kids & Family', 'Drama']",movies,3.325,20.0,en,6.9961,"['teen', 'girls', 'young', 'competition', 'competing']"
257,Sor Tequila,https://tubitv.com/movies/643938/sor-tequila?start=true,1980,1 hr 27 min,PG,"['Comedy', 'Kids & Family', 'Foreign/International']",movies,6.5,10.0,es,0.1569,"['wanting', 'getting', 'nun', 'maría', 'good']"
258,"Jose: Hijo Amado, Esclavo Rechazado, Gobernante Exaltado (Doblado)",https://tubitv.com/movies/588265/jose-hijo-amado-esclavo-rechazado-gobernante-exaltado-doblado?start=true,2015,1 hr 30 min,TV-G,"['Kids & Family', 'Animation', 'Drama']",movies,,,,,"['', '', '', '', '']"
259,LooLoo Kids - La Vaca Lola Y Muchas Más,https://tubitv.com/movies/672800/looloo-kids-la-vaca-lola-y-muchas-m-s?start=true,2021,37 min,TV-Y,"['Adventure', 'Animation', 'Kids & Family']",movies,,,,,"['', '', '', '', '']"
260,The Little Unicorn (Español),https://tubitv.com/movies/674879/the-little-unicorn-espa-ol?start=true,2002,1 hr 24 min,TV-PG,"['Adventure', 'Kids & Family', 'Fantasy']",movies,,,,,"['', '', '', '', '']"
261,Steve Y Maggie (Doblado),https://tubitv.com/series/300005561/steve-y-maggie-doblado?start=true,2020,,TV-Y,['Kids & Family'],series,,,,,"['', '', '', '', '']"
262,Bob El Tren: Alfabeto Aventura Y Mas Canciones Infantiles (Doblado),https://tubitv.com/movies/585019/bob-el-tren-alfabeto-aventura-y-mas-canciones-infantiles-doblado?start=true,2019,26 min,TV-Y,"['Animation', 'Kids & Family']",movies,,,,,"['', '', '', '', '']"
263,¡El Abecedario Canciones Infantiles! - El Árbol Del Español,https://tubitv.com/movies/607876/el-abecedario-canciones-infantiles-el-rbol-del-espa-ol?start=true,2020,42 min,TV-Y,"['Kids & Family', 'Animation', 'Music']",movies,,,,,"['', '', '', '', '']"
264,"Ecoamigos, Technoland, Musicalia",https://tubitv.com/movies/635541/ecoamigos-technoland-musicalia?start=true,2021,1 hr 23 min,TV-Y,"['Kids & Family', 'Animation', 'Foreign/International']",movies,,,,,"['', '', '', '', '']"
265,The Real Manhunter,https://tubitv.com/series/300009654/the-real-manhunter?start=true,2021,,TV-14,"['Documentary', 'Crime']",series,7.5,2.0,en,0.9977,"['detective', 'crime', 'investigations', 'police', 'murder']"
266,Foster Sin,https://tubitv.com/series/300005940/foster-sin?start=true,2018,,TV-MA,"['Drama', 'Crime']",series,,,,,"['', '', '', '', '']"
267,Missing Kenley,https://tubitv.com/series/300009379/missing-kenley?start=true,2021,,TV-MA,"['Documentary', 'Crime']",series,,,,,"['', '', '', '', '']"
268,Becoming Evil: Serial Killers,https://tubitv.com/series/4180/becoming-evil-serial-killers?start=true,2019,,TV-14,"['Documentary', 'Crime']",series,7.2,6.0,en,0.6247,"['jeffrey', 'killers', 'deangelo', 'andrew', 'richard']"
269,Sherlock Holmes,https://tubitv.com/series/300005729/sherlock-holmes?start=true,1954,,TV-G,"['Mystery', 'Crime']",series,7.094,16.0,en,4.8954,"['episodes', 'television', 'aired', 'series', 'sherlock']"
270,Land's End,https://tubitv.com/series/300009205/land-s-end?start=true,1995,,TV-MA,"['Crime', 'Action', 'Drama']",series,7.0,1.0,en,2.0811,"['boss', 'officer', 'investigator', 'los', 'angeles']"
271,America's Serial Killers: Portraits in Evil,https://tubitv.com/series/1767/america-s-serial-killers-portraits-in-evil?start=true,2009,,TV-MA,"['Documentary', 'Crime']",series,6.0,2.0,en,0.8659,"['forensic', 'crime', 'profiling', 'investigation', 'killers']"
272,Dragnet,https://tubitv.com/series/300008169/dragnet?start=true,1951,,TV-PG,"['Drama', 'Crime', 'Mystery']",series,6.4,32.0,en,23.9781,"['police', 'detective', 'criminals', 'suspects', 'sergeant']"
273,D-Day,https://tubitv.com/movies/536905/d-day?start=true,2013,2 hr 28 min,PG-13,"['Action', 'Foreign/International', 'Thriller']",movies,6.6,66.0,hi,3.2227,"['india', 'indian', 'agents', 'wanted', 'cover']"
274,Crime Factory,https://tubitv.com/movies/653536/crime-factory?start=true,2021,2 hr 8 min,TV-14,"['Action', 'Drama', 'Crime']",movies,0.0,0.0,hi,0.1399,"['crime', 'criminals', 'lose', 'crimes', 'losing']"
275,Mickey Virus,https://tubitv.com/movies/539555/mickey-virus?start=true,2013,2 hr 11 min,TV-PG,"['Comedy', 'Crime', 'Romance']",movies,5.3,22.0,hi,4.5767,"['hacker', 'hacking', 'unusual', 'mickey', 'arora']"
276,Bobby,https://tubitv.com/movies/636879/bobby?start=true,1973,2 hr 41 min,TV-PG,"['Comedy', 'Romance', 'Foreign/International']",movies,6.2,24.0,hi,9.5015,"['wealthy', 'parents', 'marrying', 'families', '18']"
277,Tony: My Mentor the Serial Killer,https://tubitv.com/movies/608493/tony-my-mentor-the-serial-killer?start=true,2020,1 hr 54 min,TV-14,"['Thriller', 'Foreign/International']",movies,,,,,"['', '', '', '', '']"
278,Jhankaar Beats,https://tubitv.com/movies/635260/jhankaar-beats?start=true,2003,2 hr 17 min,TV-MA,"['Comedy', 'Romance', 'Foreign/International']",movies,5.6,5.0,hi,0.1549,"['relationship', 'lives', 'life', 'apart', 'emotional']"
279,Kaashi,https://tubitv.com/movies/608941/kaashi?start=true,2018,2 hr 3 min,TV-14,"['Thriller', 'Foreign/International']",movies,4.2,5.0,hi,0.1195,"['kashi', 'ganga', 'lucknow', 'falls', 'goes']"
280,Ek Khiladi Ek Haseena,https://tubitv.com/movies/635262/ek-khiladi-ek-haseena?start=true,2005,2 hr 28 min,TV-MA,"['Thriller', 'Comedy', 'Crime', 'Foreign/International']",movies,4.333,9.0,hi,0.4438,"['man', 'gangster', 'fellow', 'scamsters', 'bunch']"
281,Dhwani,https://tubitv.com/movies/666058/dhwani?start=true,2017,7 min,TV-PG,"['Drama', 'Foreign/International']",movies,,,,,"['', '', '', '', '']"
282,Fatso!,https://tubitv.com/movies/635261/fatso?start=true,2012,1 hr 43 min,TV-14,"['Comedy', 'Romance', 'Foreign/International']",movies,5.3,6.0,hi,2.7499,"['heaven', 'soon', 'life', 'earth', 'body']"
283,Larva,https://tubitv.com/series/300008034/larva?start=true,2011,,TV-PG,"['Animation', 'Comedy']",series,7.0,21.0,ko,25.9834,"['subterranean', 'otherworldly', 'curious', 'investigating', 'worms']"
284,The Red Green Show,https://tubitv.com/series/300009731/the-red-green-show?start=true,1991,,TV-PG,['Comedy'],series,7.3,23.0,en,10.21,"['television', 'shows', 'aired', 'broadcasting', 'sitcom']"
285,Chicken Girls,https://tubitv.com/series/4532/chicken-girls?start=true,2017,,TV-14,"['Drama', 'Comedy']",series,7.0,30.0,en,8.7194,"['forever', 'rhyme', 'dancing', 'friends', 'girls']"
286,The Dean Martin Celebrity Roasts,https://tubitv.com/series/4433/the-dean-martin-celebrity-roasts?start=true,1974,,TV-PG,['Comedy'],series,5.4,10.0,en,5.7681,"['celebrity', 'roasts', 'roast', 'martin', 'television']"
287,Mani,https://tubitv.com/series/4508/mani?start=true,2017,,TV-PG,"['Comedy', 'Kids & Family']",series,7.6,8.0,en,2.7378,"['mani', 'nail', 'handshake', 'hire', 'nanny']"
288,The Carol Burnett Show,https://tubitv.com/series/300005292/the-carol-burnett-show?start=true,1967,,TV-G,['Comedy'],series,7.695,64.0,en,19.269,"['television', 'tv', 'shows', 'episodes', 'cbs']"
289,It's Showtime at the Apollo,https://tubitv.com/series/300005233/it-s-showtime-at-the-apollo?start=true,1987,,TV-PG,"['Comedy', 'Music', 'Reality']",series,,,,,"['', '', '', '', '']"
290,Too Close for Comfort,https://tubitv.com/series/300009383/too-close-for-comfort?start=true,1980,,TV-PG,['Comedy'],series,6.3,25.0,en,5.5519,"['premiered', 'television', '1986', '1980', 'sitcom']"
291,The Dirty D,https://tubitv.com/series/300009178/the-dirty-d?start=true,2022,,TV-MA,['Drama'],series,5.5,2.0,en,1.981,"['dirty', 'greed', 'envy', 'respect', 'nightclub']"
292,Bonanza,https://tubitv.com/series/300008958/bonanza?start=true,1959,,TV-PG,"['Western', 'Drama']",series,7.509,466.0,en,42.3524,"['sierra', 'cartwright', 'adventures', 'ranch', 'ben']"
293,Life of a Mistress,https://tubitv.com/series/300005818/life-of-a-mistress?start=true,2018,,TV-MA,['Drama'],series,4.2,5.0,ru,0.9567,"['petrovich', 'golovin', 'lebedeva', 'polina', 'alexei']"
294,Fireplace Lounge,https://tubitv.com/series/300007791/fireplace-lounge?start=true,2021,,TV-G,"['Lifestyle', 'Holiday', 'Music']",series,,,,,"['', '', '', '', '']"
295,Mario & Luigi Bowser's Inside Story Gameplay - Zebra Gamer,https://tubitv.com/series/300008371/mario-luigi-bowser-s-inside-story-gameplay-zebra-gamer?start=true,2018,,TV-PG,"['Kids & Family', 'Animation', 'Lifestyle']",series,,,,,"['', '', '', '', '']"
296,This Old House,https://tubitv.com/series/2370/this-old-house?start=true,2018,,TV-G,['Lifestyle'],series,5.7,36.0,en,44.24,"['renovation', 'tv', 'episodes', 'home', 'house']"
297,America's Test Kitchen,https://tubitv.com/series/300005464/america-s-test-kitchen?start=true,2001,,TV-G,"['Lifestyle', 'Reality']",series,6.667,12.0,en,11.1065,"['cooking', 'cook', 'recipes', 'kitchen', 'cooks']"
298,NatureVision TV,https://tubitv.com/series/1665/naturevision-tv?start=true,2018,,TV-G,"['Music', 'Reality', 'Lifestyle', 'Documentary']",series,,,,,"['', '', '', '', '']"
299,The Johnny Carson Show,https://tubitv.com/series/300004966/the-johnny-carson-show?start=true,1953,,TV-PG,"['Comedy', 'Lifestyle']",series,,,,,"['', '', '', '', '']"
300,Jo Frost: Nanny on Tour,https://tubitv.com/series/4057/jo-frost-nanny-on-tour?start=true,2016,,TV-PG,"['Reality', 'Documentary', 'Lifestyle']",series,10.0,1.0,en,0.2677,"['jo', 'expertise', 'needs', 'desperately', 'frost']"
301,Roblox Adventures With Flamingo,https://tubitv.com/series/300008359/roblox-adventures-with-flamingo?start=true,2019,,TV-PG,"['Lifestyle', 'Kids & Family', 'Comedy']",series,,,,,"['', '', '', '', '']"
